trial,t,x,y
15,0.0,1,-2
15,1.4369095809961436,0,-2
15,2.0179273019966786,-1,-2
15,2.3707310629979474,-2,-2
15,2.411801309994189,-3,-2
15,2.4281598279994796,-3,-1
15,2.4364473239984363,-4,-1
15,2.460851627998636,-5,-1
15,2.469134507999115,-6,-1
15,2.4773362839987385,-6,0
15,2.49366890899546,-7,0
15,2.510381554995547,-8,1
15,2.5265865759938606,-9,1
15,2.5346802279964322,-10,1
15,2.5594240489954245,-11,2
15,2.5674541799962753,-12,2
15,2.583780000997649,-13,3
15,2.5918964379961835,-14,3
15,2.60041027799889,-15,3
15,2.616849705998902,-16,3
15,2.624932730999717,-17,4
15,2.63300481299666,-18,4
15,2.6413261819980107,-19,5
15,2.649435994993837,-20,5
15,2.6575521899940213,-22,6
15,2.665541681999457,-23,6
15,2.6735984459955944,-24,7
15,2.6815348099989933,-25,7
15,2.6895442299937713,-27,8
15,2.698639517999254,-28,9
15,2.7069890149941784,-29,9
15,2.714605532994028,-30,10
15,2.723380711999198,-31,11
15,2.731433904998994,-32,11
15,2.7395854239948676,-32,12
15,2.74769088299945,-33,13
15,2.7558332159969723,-34,13
15,2.764419007995457,-35,14
15,2.772507608999149,-36,14
15,2.7806099219960743,-37,15
15,2.788683332997607,-38,16
15,2.7969258960001753,-39,17
15,2.8055075209995266,-40,18
15,2.8135024119983427,-42,19
15,2.8216760889990837,-43,19
15,2.829753139994864,-44,21
15,2.8380177799990634,-45,22
15,2.8462543939967873,-46,22
15,2.8543831349961692,-47,23
15,2.8626024900004268,-48,24
15,2.8707837619949714,-49,25
15,2.878909710998414,-50,25
15,2.8872295189939905,-51,26
15,2.895475594996242,-52,26
15,2.9040210940002,-52,27
15,2.9126271969944355,-53,27
15,2.9208041349993437,-53,28
15,2.9294853359970148,-54,28
15,2.9375110080000013,-55,29
15,2.9539739179963362,-56,30
15,2.9706033669936005,-57,30
15,2.978620557994873,-57,31
15,2.9866837529989425,-58,31
15,2.9949871199933114,-58,32
15,3.003247904998716,-59,32
15,3.019295913996757,-60,33
15,3.0275170909953886,-61,33
15,3.035732038995775,-62,34
15,3.0439380909956526,-63,34
15,3.052334643994982,-63,35
15,3.0606158589944243,-64,35
15,3.068821273998765,-65,36
15,3.0770302469973103,-66,36
15,3.0852210339944577,-66,37
15,3.0935345649995725,-67,37
15,3.1015831869954127,-68,38
15,3.109684240000206,-69,38
15,3.1181070629972965,-69,39
15,3.126375048996124,-70,39
15,3.1342169049967197,-70,40
15,3.142349055997329,-71,40
15,3.158038517998648,-72,41
15,3.1661938359975466,-73,42
15,3.1748939489989425,-74,42
15,3.183547976994305,-74,43
15,3.1908965179973166,-75,43
15,3.1990222289969097,-76,44
15,3.207180994999362,-77,44
15,3.21549088699976,-77,45
15,3.223787524999352,-78,45
15,3.2314146859935136,-78,46
15,3.2395089309939067,-79,47
15,3.2559744809987023,-80,47
15,3.264284612996562,-81,48
15,3.2724379809951643,-81,49
15,3.2806379350004136,-82,49
15,3.288642606996291,-82,50
15,3.2972759089971078,-83,50
15,3.3056549100001575,-83,51
15,3.313782101999095,-84,51
15,3.3220411019938183,-85,52
15,3.3301294239936396,-86,52
15,3.3384718779998366,-86,53
15,3.3469638699971256,-87,53
15,3.355182970997703,-88,54
15,3.3634793589953915,-89,54
15,3.3716697659983765,-90,55
15,3.3879598319981596,-91,56
15,3.396243715993478,-92,57
15,3.4043491999982507,-93,57
15,3.4126444529974833,-94,58
15,3.4209571149986004,-94,59
15,3.4288871769967955,-95,59
15,3.4371103149969713,-96,60
15,3.4452993129962124,-97,60
15,3.45342283899663,-97,61
15,3.461683946996345,-98,62
15,3.4700864989936235,-99,63
15,3.4781273039989173,-100,64
15,3.486304386999109,-101,64
15,3.4945441739982925,-101,65
15,3.5034278629973414,-102,67
15,3.511499158994411,-103,68
15,3.5194948139978806,-104,69
15,3.527553571999306,-104,70
15,3.5358544959963183,-105,71
15,3.5442208559979917,-106,72
15,3.552384233997145,-106,73
15,3.560600548997172,-107,74
15,3.568576410994865,-108,75
15,3.576769389997935,-108,76
15,3.585099154995987,-109,78
15,3.5933726749935886,-110,79
15,3.601467133994447,-110,80
15,3.609608232000028,-111,81
15,3.617694643995492,-112,82
15,3.6263469329933287,-112,84
15,3.634299844998168,-113,85
15,3.6424971429951256,-114,86
15,3.650794731998758,-114,87
15,3.6587734729982913,-115,89
15,3.6671748679946177,-116,90
15,3.675291189996642,-116,91
15,3.6833625979998033,-117,93
15,3.6917459729957045,-118,94
15,3.6997234979935456,-118,95
15,3.708197272993857,-119,97
15,3.716290467993531,-120,98
15,3.7244835669989698,-120,99
15,3.73255980599788,-121,101
15,3.7408688309951685,-122,102
15,3.749140855994483,-122,104
15,3.757193480996648,-123,105
15,3.7653335409995634,-123,106
15,3.7737791239997023,-124,108
15,3.7819820160002564,-125,110
15,3.790283862996148,-125,111
15,3.7985569269949337,-126,114
15,3.806721112996456,-126,116
15,3.8149920069990912,-126,119
15,3.8226921369932825,-127,120
15,3.831431774997327,-127,122
15,3.8395740519990795,-127,124
15,3.8478642889967887,-127,126
15,3.8559746319951955,-127,127
15,3.864230166997004,-127,129
15,3.872658075997606,-127,131
15,3.880881730998226,-127,133
15,3.8889865210003336,-127,135
15,3.8971173939935397,-127,137
15,3.9051730779974605,-127,139
15,3.913639783997496,-127,141
15,3.9213826389968744,-127,143
15,3.9295177389940363,-127,145
15,3.93752064799628,-127,147
15,3.9456214169986197,-126,149
15,3.954104362994258,-126,151
15,3.9621473339939257,-125,153
15,3.9704073299944866,-123,156
15,3.978486296997289,-123,157
15,3.986879730997316,-121,158
15,3.9951473829933093,-120,162
15,4.003398329994525,-119,163
15,4.011417342997447,-117,165
15,4.019492084000376,-115,167
15,4.0276657750000595,-114,169
15,4.036124261998339,-112,172
15,4.044110779999755,-110,174
15,4.052301632000308,-107,177
15,4.060540015998413,-105,179
15,4.068616687000031,-103,181
15,4.077239146994543,-100,184
15,4.085238048995961,-99,185
15,4.093260876994464,-95,188
15,4.1015098009957,-94,189
15,4.109658123998088,-92,191
15,4.1180340649953,-89,193
15,4.126028392995067,-87,194
15,4.1342834049937665,-85,196
15,4.142474251995736,-83,197
15,4.15056498299964,-82,198
15,4.158766566994018,-78,200
15,4.1669558599969605,-77,201
15,4.175099855994631,-74,202
15,4.183534741998301,-71,204
15,4.191510995995486,-68,206
15,4.199883002998831,-65,208
15,4.208088344996213,-62,210
15,4.215932384999178,-59,212
15,4.224376692000078,-55,214
15,4.232399631997396,-52,215
15,4.240984107993427,-48,217
15,4.248911981994752,-45,218
15,4.257105462995241,-43,219
15,4.265294980999897,-39,221
15,4.273429376997228,-37,222
15,4.281742166996992,-35,223
15,4.289653913998336,-32,224
15,4.298094004996528,-28,226
15,4.30603024699667,-27,226
15,4.31444207799359,-22,227
15,4.322778597997967,-20,228
15,4.33085939999728,-17,229
15,4.33921697599726,-14,230
15,4.347124763997272,-11,230
15,4.355378772997938,-9,231
15,4.363739481996163,-4,232
15,4.371679376999964,-1,233
15,4.379918093996821,2,233
15,4.387650320997636,4,234
15,4.3957093649951275,8,235
15,4.404308715995285,11,235
15,4.412265195998771,15,236
15,4.420378101996903,18,236
15,4.427958375999879,20,236
15,4.436558673995023,22,236
15,4.444522726000287,25,237
15,4.452557794000313,27,237
15,4.460866287998215,30,237
15,4.468869495998661,33,237
15,4.477129798993701,35,237
15,4.485391135996906,39,237
15,4.4934221869989415,42,237
15,4.501643396994041,44,237
15,4.5100614259936265,47,237
15,4.518107432995748,49,237
15,4.526532074996794,53,237
15,4.534475496999221,55,237
15,4.542481342999963,58,237
15,4.550926805997733,60,237
15,4.558924460994604,62,236
15,4.5673806779959705,65,236
15,4.575451175995113,68,234
15,4.5838219090001076,70,234
15,4.591827329997614,72,232
15,4.6001721979992,75,231
15,4.608318257996871,77,230
15,4.616449072993419,80,228
15,4.6247031039965805,83,226
15,4.632778929997585,85,225
15,4.64114308799617,87,224
15,4.649405621996266,91,221
15,4.657317021999916,92,220
15,4.665589918993646,94,218
15,4.67394982699625,97,216
15,4.682039133993385,100,213
15,4.6904207409970695,101,212
15,4.698525982996216,105,209
15,4.706534585995541,107,207
15,4.7149189739939175,108,206
15,4.722928752998996,111,203
15,4.731359257995791,112,201
15,4.739438504999271,114,199
15,4.747922046997701,116,197
15,4.755960006994428,118,194
15,4.764073346996156,119,193
15,4.7724546190002,122,190
15,4.78052381699672,124,187
15,4.78880062099779,125,185
15,4.796895476996724,127,183
15,4.8049296049939585,129,180
15,4.813557592999132,130,177
15,4.821623226998781,132,174
15,4.829646268997749,134,171
15,4.837702382996213,136,167
15,4.846133761995588,137,166
15,4.85427038600028,138,161
15,4.862412876995222,139,160
15,4.870766306994483,140,157
15,4.878781300998526,141,155
15,4.88685376799549,142,152
15,4.895370657999592,144,149
15,4.903435506996175,144,146
15,4.9115709499965305,145,143
15,4.919922023000254,146,141
15,4.927927678996639,146,138
15,4.936159609998867,147,135
15,4.944211783993524,147,132
15,4.952568884000357,147,129
15,4.960683498997241,148,125
15,4.968934749995242,148,122
15,4.977197842999885,148,117
15,4.985275699997146,148,114
15,4.993554254993796,148,110
15,5.001659377994656,148,108
15,5.010029506993305,148,103
15,5.0182189919942175,148,101
15,5.026236284000333,147,96
15,5.034467035999114,147,95
15,5.042624017994967,145,91
15,5.050900037997053,144,88
15,5.059029746000306,143,86
15,5.067081249995681,141,83
15,5.075374881998869,140,82
15,5.083624195998709,139,79
15,5.091692657995736,138,78
15,5.100152378996427,136,76
15,5.1082220030002645,133,73
15,5.116467190993717,131,72
15,5.124461653998878,129,70
15,5.132817789999535,126,68
15,5.1413020709951525,125,68
15,5.1492253549949965,123,66
15,5.157258350998745,120,65
15,5.1655425839999225,118,64
15,5.17385692300013,116,63
15,5.181983199996466,114,62
15,5.190103147993796,111,60
15,5.198319155999343,110,60
15,5.206507769995369,107,59
15,5.214789269994071,104,58
15,5.223021047997463,101,57
15,5.230999392995727,99,56
15,5.239531303996046,97,56
15,5.247560030999011,93,55
15,5.255628107996017,90,54
15,5.263989635997859,88,53
15,5.272122678994492,86,53
15,5.280361342993274,81,52
15,5.288410280998505,78,51
15,5.296690283998032,75,50
15,5.305132929999672,72,49
15,5.31318275299418,68,49
15,5.321243230995606,64,48
15,5.329482260996883,60,47
15,5.337596820994804,58,46
15,5.345985911997559,52,45
15,5.354102252997109,51,45
15,5.362244763993658,48,44
15,5.370447927998612,45,44
15,5.378640006994829,42,44
15,5.3871059759985656,39,43
15,5.395152230994427,36,43
15,5.403169668999908,33,43
15,5.411400098993909,30,42
15,5.41973787099414,27,42
15,5.4279178910001065,24,42
15,5.435976376997132,22,42
15,5.444296433997806,17,42
15,5.452388093995978,16,42
15,5.460734511994815,13,42
15,5.468975232994126,10,42
15,5.476949910000258,8,42
15,5.485206738994748,3,42
15,5.493306497999583,0,42
15,5.501619642993319,-3,42
15,5.510036141997261,-4,42
15,5.518106002993591,-8,42
15,5.526187986994046,-10,42
15,5.534519175998867,-14,42
15,5.5425881989940535,-17,42
15,5.55082811799366,-19,42
15,5.558934495995345,-22,43
15,5.567502876998333,-25,43
15,5.575738499996078,-27,44
15,5.5841762669952,-31,45
15,5.592426934999821,-34,45
15,5.600585045998741,-36,46
15,5.6091021619940875,-39,47
15,5.61754073100019,-42,47
15,5.625530812998477,-43,48
15,5.634188566000375,-46,49
15,5.642219403998752,-48,50
15,5.650213950997568,-50,51
15,5.658562322998478,-52,52
15,5.666758695995668,-54,53
15,5.675204916995426,-56,54
15,5.683345778998046,-57,55
15,5.6914473269935115,-59,57
15,5.699617844999011,-60,58
15,5.707807617000071,-61,59
15,5.716156486996624,-63,60
15,5.7242802109976765,-64,62
15,5.732664219998696,-65,63
15,5.740803130000131,-65,64
15,5.748568376999174,-66,66
15,5.7572133659996325,-67,67
15,5.765276629994332,-68,69
15,5.773361888997897,-68,70
15,5.781488440996327,-68,72
15,5.79002452599525,-69,75
15,5.7981387469990295,-69,77
15,5.806269254993822,-69,78
15,5.814368608000223,-70,82
15,5.822507363998739,-70,83
15,5.830679385995609,-70,85
15,5.83909960299934,-70,88
15,5.847048157993413,-70,90
15,5.855288528997335,-70,92
15,5.863514120996115,-70,95
15,5.871738946996629,-70,99
15,5.880128002994752,-70,100
15,5.888140010996722,-70,104
15,5.8963326509983744,-70,107
15,5.904590820995509,-69,110
15,5.912603832999594,-67,114
15,5.921392480995564,-66,118
15,5.929351937993488,-64,122
15,5.9374285800004145,-63,124
15,5.9455054579957505,-61,127
15,5.95365963599761,-61,130
15,5.962014365999494,-60,132
15,5.9700869689986575,-59,133
15,5.978283521995763,-57,135
15,5.9867349909982295,-55,137
15,5.994781991998025,-55,138
15,6.002975052993861,-54,139
15,6.011177128995769,-52,140
15,6.019356349999725,-50,142
15,6.027365236994228,-48,143
15,6.035778334997303,-47,144
15,6.0440404979963205,-44,145
15,6.05202380999981,-41,147
15,6.060175267994055,-38,147
15,6.06830885099771,-35,149
15,6.0769225289986935,-32,150
15,6.084993698998005,-28,150
15,6.093005523995089,-25,151
15,6.101497986994218,-23,152
15,6.109657062996121,-20,152
15,6.117502917993988,-18,153
15,6.126017479997245,-15,153
15,6.134029626999109,-13,153
15,6.1422468009986915,-10,153
15,6.150254727996071,-8,153
15,6.158821894998255,-6,153
15,6.167003815993667,-4,153
15,6.1750662669946905,-1,153
15,6.18276055699971,2,153
15,6.191500281995104,4,153
15,6.199438787996769,7,153
15,6.208046300998831,11,153
15,6.215972475998569,14,153
15,6.223983491996478,18,152
15,6.232390227996802,21,152
15,6.240442153997719,22,151
15,6.248476398999628,25,150
15,6.2571587469938095,28,150
15,6.264080810993619,30,149
15,6.272043817996746,33,148
15,6.280456201995548,34,147
15,6.288646752000204,36,145
15,6.296836184999847,38,144
15,6.304933604995313,40,143
15,6.3131660479994025,41,141
15,6.321324163000099,42,140
15,6.329768244999286,44,137
15,6.33772609699372,45,136
15,6.345871329998772,46,134
15,6.354189403995406,48,133
15,6.362249105994124,49,130
15,6.370771073998185,50,129
15,6.378779453996685,51,127
15,6.386832751995826,51,124
15,6.395118486994761,52,123
15,6.40324094099924,52,121
15,6.411609914997825,53,118
15,6.419728199995006,53,116
15,6.427707215996634,53,114
15,6.436181531993498,54,112
15,6.444127445000049,54,110
15,6.452488144997915,54,108
15,6.460622913000407,54,106
15,6.468874948994198,54,103
15,6.476896219995979,54,101
15,6.485230219994264,54,100
15,6.493617418993381,54,98
15,6.50168346499413,54,97
15,6.509776999999303,54,96
15,6.518037196998193,54,95
15,6.526099210997927,54,94
15,6.5345824229953,53,93
15,6.559007790994656,52,92
15,6.567218722993857,51,91
15,6.575628406993928,50,90
15,6.583628205997229,49,89
15,6.5916951289982535,48,89
15,6.600022346996411,47,88
15,6.608093183996971,46,87
15,6.616549051999755,45,87
15,6.6246323859959375,43,86
15,6.632674495995161,41,84
15,6.641006548998121,40,83
15,6.649308009000379,39,83
15,6.6575038349983515,37,82
15,6.665554542996688,36,82
15,6.673883088995353,35,81
15,6.682053602999076,32,80
15,6.690248225997493,29,79
15,6.698498876998201,28,79
15,6.7064493209982174,26,78
15,6.7147931910003535,24,78
15,6.722888185999182,23,77
15,6.7313230549989385,22,77
15,6.739389279995521,21,77
15,6.747472179995384,18,76
15,6.755932448999374,17,76
15,6.764187319997291,16,76
15,6.772730460994353,15,75
15,6.781047865995788,14,75
15,6.7890079449935,12,75
15,6.797162150993245,11,75
15,6.805566672999703,10,75
15,6.813627253999584,9,75
15,6.8218587759984075,8,75
15,6.83053269899392,6,74
15,6.838847488994361,5,74
15,6.84684207799728,4,74
15,6.855313991000003,3,74
15,6.86360976499418,1,74
15,6.87148216899368,0,74
15,6.879717038995295,-1,74
15,6.887936025996169,-2,74
15,6.896174189998419,-3,75
15,6.904404875000182,-5,75
15,6.912449585994182,-6,76
15,6.920893046997662,-7,76
15,6.929050266997365,-8,77
15,6.937144718998752,-9,78
15,6.945470209997438,-10,79
15,6.95350631600013,-11,80
15,6.961777247997816,-12,81
15,6.970098205994873,-13,82
15,6.978247009996267,-14,83
15,6.994521589993383,-15,84
15,7.003030383995792,-16,85
15,7.011121781994007,-16,86
15,7.0192110699936165,-17,87
15,7.027386767993448,-17,88
15,7.0356742609947105,-18,89
15,7.0437750769997365,-18,90
15,7.0519857369945385,-18,91
15,7.060216865997063,-19,92
15,7.068556214995624,-19,93
15,7.07659650399728,-19,95
15,7.08480563199555,-19,96
15,7.093064582993975,-19,97
15,7.101409115995921,-19,99
15,7.1094902959957835,-19,100
15,7.1176002099964535,-19,102
15,7.125805760995718,-19,103
15,7.1341154819965595,-19,105
15,7.142209674995684,-19,106
15,7.1506723549973685,-19,107
15,7.166919089999283,-19,108
15,7.18309745699662,-19,109
15,7.1995744870000635,-19,110
15,7.208022286999039,-19,111
15,7.232726640999317,-18,111
15,7.240762308996636,-18,112
15,7.248650966997957,-17,112
15,7.265329844994994,-16,112
15,7.273610459997144,-15,113
15,7.281599545996869,-14,113
15,7.289681635993475,-12,113
15,7.298156368000491,-11,114
15,7.306174727993493,-10,114
15,7.314541796993581,-8,115
15,7.322553220998088,-6,115
15,7.330783688994416,-5,115
15,7.338880045994301,-3,115
15,7.346938411996234,-2,116
15,7.3556380629961495,0,116
15,7.371598205994815,2,116
15,7.3799820889980765,3,116
15,7.396360602993809,4,116
15,7.404353268997511,5,116
15,7.420753718994092,6,116
15,7.437522760999855,6,115
15,7.445444163997308,7,115
15,7.462008987000445,7,114
15,7.478302742994856,7,113
15,7.49460446699959,7,112
15,7.511197946994798,7,111
15,7.519339159996889,7,110
15,7.5355766719949315,7,109
15,7.552195968994056,7,108
15,7.568434950997471,7,107
15,7.601343634996738,7,106
15,7.6257540059959865,7,105
15,7.666272944996308,6,105
15,7.698939921996498,6,104
15,7.707284861993685,5,104
15,7.7400493349996395,4,104
15,7.838411373995768,3,104
15,7.953968482994242,3,104
16,0.0,2,-1
16,1.9565229810032179,2,0
16,2.0385112980002305,2,1
16,2.112524977004796,3,1
16,2.120704729000863,3,2
16,2.226873619001708,3,3
16,2.350301352002134,4,4
16,2.49787038499926,4,5
16,2.5714313900025445,4,6
16,2.5797606730047846,5,6
16,2.751701547000266,5,7
16,2.81700744900445,5,8
16,2.8336743300023954,6,8
16,2.866528391998145,6,9
16,2.9158284750010353,6,10
16,2.955965565997758,7,10
16,2.9969520730010117,7,11
16,3.0378978610024205,7,12
16,3.0788387630018406,7,13
16,3.0958767179981805,8,13
16,3.1200937570029055,8,14
16,3.1613867420019233,8,15
16,3.186126469001465,8,16
16,3.2185708370016073,8,17
16,3.226983411004767,9,17
16,3.243058428997756,9,18
16,3.2677847640006803,9,19
16,3.3089202050032327,9,20
16,3.3335513819984044,9,21
16,3.357385918003274,10,22
16,3.3742008929984877,10,23
16,3.3907432190026157,10,24
16,3.4073308080041897,10,25
16,3.4479905940024764,10,26
16,3.4726202140009264,11,27
16,3.4812029220047407,11,28
16,3.505596745002549,11,29
16,3.5221841590027907,11,30
16,3.5630159610009287,11,31
16,3.5876721550012007,12,32
16,3.595747774998017,12,33
16,3.6204016780029633,12,34
16,3.636838700003864,13,35
16,3.645197655001539,13,36
16,3.653153384999314,13,37
16,3.669489642998087,13,38
16,3.6942271680018166,13,39
16,3.702481505002652,14,39
16,3.727197623004031,14,40
16,3.735309456998948,15,42
16,3.7432798450026894,15,43
16,3.751529879998998,15,44
16,3.759784211004444,16,45
16,3.7758558690038626,16,46
16,3.7840869880019454,16,47
16,3.792298134001612,17,48
16,3.8005444330046885,17,49
16,3.817182963997766,17,50
16,3.825281345001713,18,50
16,3.833452238002792,18,51
16,3.858174979002797,19,52
16,3.8744506889997865,19,53
16,3.8826725320031983,19,54
16,3.891111049000756,20,54
16,3.8987930350049282,20,55
16,3.9152075950041763,21,56
16,3.9318451740036835,21,57
16,3.948262024001451,22,58
16,3.9646198990012635,22,59
16,3.9810379550035577,23,59
16,3.9973705890006386,23,60
16,4.021930579998298,24,61
16,4.046505359998264,25,62
16,4.0549512970028445,25,63
16,4.062952042004326,26,63
16,4.079254444004619,27,64
16,4.095830571000988,28,64
16,4.1038573820042075,28,65
16,4.120387371003744,29,65
16,4.14469138700224,30,65
16,4.161099060002016,31,65
16,4.1692969869982335,32,65
16,4.185909191000974,33,65
16,4.193995734000055,34,65
16,4.2023858559987275,35,65
16,4.21037278300355,36,65
16,4.226769598004466,37,65
16,4.2348749810043955,38,65
16,4.243041262998304,39,65
16,4.251224220002769,40,65
16,4.2595627720002085,41,65
16,4.267743263000739,42,65
16,4.275896291001118,43,65
16,4.284042206003505,44,65
16,4.300471742004447,45,64
16,4.308606382001017,46,64
16,4.316754678002326,46,63
16,4.324876589002088,47,62
16,4.3412200399980065,48,61
16,4.349454982999305,49,60
16,4.357423899004061,49,58
16,4.365576050004165,50,57
16,4.373962368998036,50,56
16,4.382199871004559,51,55
16,4.390313900003093,51,54
16,4.398418973003572,52,52
16,4.40653619600198,52,51
16,4.415236763998109,52,49
16,4.423329281002225,53,48
16,4.43153593900206,53,46
16,4.439618680000422,54,43
16,4.4477661359997,54,42
16,4.455838312002015,54,40
16,4.464157702997909,54,38
16,4.472200504998909,54,36
16,4.480433841999911,54,34
16,4.4885184739978286,54,32
16,4.496892449998995,54,30
16,4.505174899000849,54,28
16,4.513364222999371,54,26
16,4.521384311003203,54,22
16,4.529468410000845,54,19
16,4.537820638004632,54,16
16,4.546026459000132,54,13
16,4.554091939004138,53,10
16,4.562194283003919,53,5
16,4.570596228004433,52,2
16,4.578675472002942,52,-3
16,4.587166855999385,51,-6
16,4.595228195998061,51,-10
16,4.603367581999919,51,-15
16,4.611405857998761,50,-20
16,4.61961822900048,50,-24
16,4.628152254997985,50,-29
16,4.636197359999642,49,-34
16,4.64435081800184,49,-39
16,4.652440203004517,49,-43
16,4.660513726004865,49,-47
16,4.669003290000546,49,-51
16,4.677126046997728,49,-53
16,4.685172228004376,49,-56
16,4.693536742001015,49,-59
16,4.701552587997867,49,-61
16,4.709868571000698,49,-63
16,4.717864876998647,50,-64
16,4.726093320001382,50,-65
16,4.734190244002093,50,-66
16,4.750671189001878,51,-66
16,4.767130550004367,51,-67
16,4.783478470002592,52,-67
16,4.816139882001153,53,-67
16,4.824405500003195,54,-66
16,4.8408917609995115,55,-65
16,4.84884870100359,57,-64
16,4.857138220999332,58,-63
16,4.865450192002754,60,-61
16,4.873720080999192,61,-59
16,4.8816295670039835,62,-58
16,4.889887445999193,64,-56
16,4.898129979002988,67,-52
16,4.90653703299904,68,-51
16,4.914712393998343,70,-47
16,4.922673877001216,71,-46
16,4.931018354000116,72,-44
16,4.9390407700047945,73,-41
16,4.947373511000478,74,-39
16,4.955538747999526,74,-38
16,4.963666039002419,75,-36
16,4.972058029001346,76,-32
16,4.980116623999493,76,-30
16,4.9883500290015945,77,-28
16,4.996773272003338,78,-26
16,5.004858730004344,78,-25
16,5.012937619998411,78,-23
16,5.021186783000303,79,-22
16,5.029396058998827,79,-17
16,5.037788002002344,80,-13
16,5.04584482700011,80,-10
16,5.053920140999253,80,-9
16,5.062071088002995,81,-6
16,5.070320888000424,81,-4
16,5.078824643002008,81,-2
16,5.08683635500347,82,9
16,5.094892927998444,82,12
16,5.102975767003954,83,15
16,5.111348566002562,83,17
16,5.119637690004311,83,20
16,5.12759194499813,83,23
16,5.135999270001776,84,33
16,5.1440248639992205,84,39
16,5.15239622900117,84,42
16,5.1606369110013475,84,44
16,5.168670885002939,84,48
16,5.1767846760049,84,50
16,5.185253527997702,85,52
16,5.193228994001402,85,53
16,5.2014153440031805,85,56
16,5.20962486800272,86,60
16,5.217959104003967,86,62
16,5.2259387410013005,87,63
16,5.234156782003993,87,64
16,5.242601562000345,88,66
16,5.251061271999788,88,67
16,5.25895134700113,89,68
16,5.266995596000925,89,69
16,5.275388763002411,91,70
16,5.283742405998055,91,71
16,5.291763098997762,92,71
16,5.300244743004441,92,72
16,5.3080715390024125,93,72
16,5.32474389699928,94,72
16,5.332685132998449,95,73
16,5.340754246004508,96,73
16,5.348949573002756,97,73
16,5.357202167004289,98,73
16,5.3654319170018425,100,73
16,5.373424099001568,101,73
16,5.381642266002018,102,74
16,5.390023649000796,103,74
16,5.39802977200452,105,74
16,5.406506398998317,106,74
16,5.422726167002111,107,74
16,5.430812331003835,108,74
16,5.439126252000278,109,74
16,5.4473925460042665,110,73
16,5.455420721002156,111,72
16,5.463700922999124,112,72
16,5.471761565000634,113,71
16,5.4801828260024195,114,70
16,5.488328826002544,115,69
16,5.496411084001011,116,67
16,5.504470190004213,117,66
16,5.512794690999726,118,65
16,5.520916081004543,119,63
16,5.529475135997927,120,61
16,5.537474654003745,122,59
16,5.545582594000734,122,58
16,5.553849656003877,125,54
16,5.561911664997751,125,52
16,5.570458275004057,126,51
16,5.57847911400313,127,48
16,5.58654250499967,128,46
16,5.594860347002395,130,42
16,5.602905928004475,130,41
16,5.611419387998467,131,37
16,5.619444353003928,131,35
16,5.627481791998434,132,33
16,5.635799755000335,133,31
16,5.643873198998335,133,28
16,5.6523652039977605,133,26
16,5.6604440930022974,134,24
16,5.668475316000695,134,21
16,5.67671742499806,135,19
16,5.684826752003573,135,17
16,5.693324587999086,135,15
16,5.701328852999723,136,13
16,5.709401173000515,136,12
16,5.7176508140037186,136,10
16,5.725760102002823,137,8
16,5.734250544002862,137,6
16,5.742287048000435,137,5
16,5.750372930000594,138,4
16,5.758833122999931,138,3
16,5.766842040000483,138,2
16,5.783271649997914,138,1
16,5.816122502001235,138,0
16,5.848813440003141,138,-1
16,5.857117748004384,137,-1
16,5.873315381002612,136,-2
16,5.8896916689991485,135,-2
16,5.898184748002677,134,-3
16,5.914253255003132,133,-3
16,5.939059497002745,132,-3
16,5.9799996619985905,131,-3
16,6.0290539850029745,130,-3
16,6.06205367900111,130,-2
16,6.08652063000045,129,-2
16,6.119073025998659,129,-1
16,6.183213285999955,129,-1
17,0.0,1,2
17,0.7714458529953845,0,2
17,0.7793667079968145,-1,3
17,0.7873074999952223,-2,3
17,0.7953600159962662,-3,4
17,0.8036644780004281,-4,4
17,0.8118462200000067,-5,5
17,0.8200596309980028,-6,6
17,0.8280770729979849,-7,6
17,0.8363522759973421,-10,8
17,0.8446494719973998,-11,9
17,0.8527060489941505,-13,10
17,0.8610540269946796,-15,11
17,0.8691807769937441,-18,13
17,0.8775708299945109,-20,14
17,0.8855568799990579,-24,16
17,0.8941856849996839,-27,18
17,0.9022689049961627,-30,20
17,0.9103521609940799,-33,22
17,0.9184770549982204,-36,24
17,0.9265517389940214,-40,25
17,0.9346522499981802,-43,27
17,0.9430897399943206,-47,29
17,0.9512220909964526,-51,30
17,0.9593651559989667,-54,32
17,0.9677051170001505,-56,32
17,0.97570538999571,-59,34
17,0.9839630639980896,-62,35
17,0.9920656799949938,-63,36
17,1.0003449919968261,-65,37
17,1.0083789869968314,-67,39
17,1.016865326993866,-69,40
17,1.0250463419943117,-70,40
17,1.0331760919943918,-71,41
17,1.0413642159983283,-72,42
17,1.0497243139980128,-73,43
17,1.0578298049949808,-74,44
17,1.0660810949993902,-75,45
17,1.074183937998896,-76,46
17,1.0822933899980853,-77,47
17,1.0906866959994659,-78,47
17,1.098766324997996,-79,48
17,1.10702531899733,-79,49
17,1.1152069859963376,-80,49
17,1.1232915199943818,-81,49
17,1.1400748870000825,-81,50
17,1.1481188029938494,-82,50
17,1.164312244996836,-83,51
17,1.1805551249999553,-84,51
17,1.189136636996409,-85,52
17,1.1972719319965108,-86,53
17,1.2053394920003484,-88,53
17,1.2134565269952873,-89,54
17,1.2216393799972138,-90,54
17,1.2299310909947963,-90,55
17,1.2379965180007275,-91,55
17,1.2545393929976854,-92,55
17,1.320084164995933,-93,56
17,1.344441471999744,-94,56
17,1.3611699749963009,-95,57
17,1.3773435229959432,-96,57
17,1.3938533010004903,-96,58
17,1.4100033379945671,-97,58
17,1.7215927899960661,-97,59
17,1.7377915260003647,-96,59
17,1.770817017997615,-95,59
17,1.7790177509959904,-93,59
17,1.7870149009977467,-91,60
17,1.7954211129981559,-90,60
17,1.8035092259960948,-88,61
17,1.8115642459961236,-86,61
17,1.81961606600089,-84,62
17,1.8280532539938577,-81,62
17,1.836299541995686,-79,63
17,1.8444824979960686,-76,64
17,1.8524849909954355,-73,64
17,1.8608714009969844,-71,64
17,1.8690465159961605,-69,65
17,1.877153613997507,-65,66
17,1.8853292950007017,-63,66
17,1.893427653994877,-60,67
17,1.901694686996052,-57,68
17,1.9097364449989982,-54,69
17,1.9180790419995901,-51,70
17,1.9264405209978577,-48,71
17,1.9345485070007271,-44,71
17,1.9426605150001706,-43,72
17,1.9508719929945073,-39,72
17,1.9589804869974614,-37,73
17,1.9673612999977195,-34,74
17,1.9754858800006332,-30,75
17,1.9837098029966,-28,76
17,1.9917612549979822,-24,77
17,2.0000286149952444,-21,77
17,2.0082212459965376,-17,78
17,2.0162391099947854,-14,79
17,2.0246156189969042,-10,80
17,2.0328167519983253,-6,81
17,2.0410181080005714,-5,81
17,2.0495151669965708,-2,82
17,2.0574672059956356,3,83
17,2.0654775489965687,7,84
17,2.0737898359948304,8,85
17,2.0818363449943718,13,86
17,2.0902345270005753,16,86
17,2.098301364996587,19,87
17,2.1065619939981843,22,88
17,2.1146406889965874,25,89
17,2.122957473999122,28,89
17,2.1311509189981734,31,90
17,2.139310177997686,33,91
17,2.147555358998943,36,92
17,2.1558463199980906,38,92
17,2.1636795659942436,41,93
17,2.1722340299966163,43,94
17,2.180298633997154,46,94
17,2.188446722997469,47,95
17,2.1966521909998846,51,96
17,2.204894438997144,52,96
17,2.213154614000814,54,97
17,2.2212515200008056,58,98
17,2.229481392998423,59,98
17,2.2376564469959703,61,99
17,2.24583985699428,63,100
17,2.254031083000882,65,101
17,2.262054826998792,67,101
17,2.270633251995605,68,102
17,2.2789527979984996,69,102
17,2.2868556779940263,70,102
17,2.2953786549987854,71,103
17,2.3032353140006308,72,103
17,2.319580376999511,73,103
17,2.335996826994233,73,104
17,2.3440077060004114,74,104
17,2.557221655995818,73,104
17,2.6063114419957856,72,104
17,2.6472613160003675,71,104
17,2.680024194996804,70,104
17,2.68826130299567,69,104
17,2.6964080369943986,67,105
17,2.704808628994215,65,105
17,2.712850643998536,63,106
17,2.721205429996189,59,106
17,2.729349185996398,56,107
17,2.7376374249943183,52,108
17,2.7457713399999193,46,109
17,2.7538698539938196,41,110
17,2.762145802997111,35,111
17,2.770292076995247,28,112
17,2.778962626995053,21,113
17,2.7873880389961414,15,114
17,2.7954648879967863,9,115
17,2.8035538339972845,3,116
17,2.8120539279989316,-2,117
17,2.8201313509998727,-7,118
17,2.8285131779994117,-12,119
17,2.837034063995816,-16,120
17,2.8453622609958984,-20,121
17,2.853464843996335,-24,122
17,2.8616967299967655,-26,122
17,2.869902512997214,-31,124
17,2.8780813089979347,-33,124
17,2.886145038995892,-36,125
17,2.894702129000507,-39,126
17,2.9027717909993953,-41,127
17,2.9110990529952687,-45,128
17,2.919221498996194,-48,129
17,2.927099262997217,-51,130
17,2.9356606139990618,-53,131
17,2.9437787889983156,-56,131
17,2.9520394999999553,-59,132
17,2.9601673029974336,-60,133
17,2.9684464689999004,-63,134
17,2.976473876995442,-65,135
17,2.9847415769982035,-68,136
17,2.9930999689968303,-69,136
17,3.0012877659974038,-71,137
17,3.009462178000831,-72,138
17,3.01764869899489,-73,139
17,3.0257721269954345,-74,139
17,3.0340963799972087,-75,140
17,3.050345165996987,-76,141
17,3.091359336998721,-76,142
17,3.0993855109991273,-77,142
17,3.361749946998316,-76,142
17,3.3945410109954537,-75,142
17,3.410946203999629,-74,142
17,3.41916038999625,-73,143
17,3.4271410910005216,-71,143
17,3.4354529489937704,-69,144
17,3.443660100994748,-66,144
17,3.4517354799972964,-63,145
17,3.4600014179959544,-60,146
17,3.4676405529971817,-56,147
17,3.475727946999541,-54,148
17,3.483933777999482,-48,149
17,3.492185229995812,-45,150
17,3.500526927993633,-42,151
17,3.507858008997573,-40,152
17,3.5167140569974435,-35,153
17,3.5252206709992606,-32,154
17,3.5325452350007254,-29,155
17,3.5406744689971674,-25,156
17,3.5490414009982487,-22,157
17,3.557058551996306,-19,157
17,3.5655734419997316,-15,158
17,3.573661769994942,-14,159
17,3.58171915699495,-9,160
17,3.589936416996352,-6,160
17,3.598179556996911,-3,161
17,3.6064094489993295,0,163
17,3.6144833149955957,4,164
17,3.622591363993706,8,165
17,3.6309467749961186,12,166
17,3.639056936997804,15,167
17,3.647507368994411,19,169
17,3.6555964430008316,23,170
17,3.6636999619950075,26,171
17,3.6717616620007902,29,173
17,3.6801963269972475,33,174
17,3.6881608859985135,36,175
17,3.696343251998769,39,176
17,3.7046790219974355,43,177
17,3.712796066996816,46,179
17,3.7208933219953906,50,180
17,3.7294035960003384,53,181
17,3.737416203999601,57,182
17,3.745498576994578,58,183
17,3.7537986899988027,61,184
17,3.761814179000794,64,185
17,3.7702643149968935,67,186
17,3.77838290699583,69,187
17,3.7858980579985655,71,188
17,3.7946895999994013,73,189
17,3.802799941993726,75,190
17,3.8112158919975627,76,190
17,3.8193569909999496,77,191
17,3.8274138790002326,78,191
17,3.8356776919972617,79,191
17,3.8438107069960097,79,192
17,3.8603419289938756,80,192
17,3.9914297539944528,79,192
17,4.040546170996095,78,192
17,4.089771029997792,77,192
17,4.11426794900035,76,192
17,4.122754733994952,76,193
17,4.131413016999431,75,193
17,4.1391688019939465,74,193
17,4.147765399000491,74,194
17,4.155852408999635,73,194
17,4.163980461999017,72,194
17,4.173011011000199,71,195
17,4.181223127998237,70,195
17,4.189297551994969,69,196
17,4.197478318994399,67,196
17,4.205708902998595,66,197
17,4.213856741997006,65,197
17,4.222304789000191,62,197
17,4.23033062399918,61,198
17,4.238542979997874,58,199
17,4.246645766994334,57,199
17,4.255259419995127,54,200
17,4.26346751699748,52,201
17,4.27142038999591,50,201
17,4.279619136999827,48,202
17,4.287869954998314,46,202
17,4.295929715997772,44,203
17,4.304190856993955,43,203
17,4.312347382998269,42,204
17,4.32066303499596,40,204
17,4.328684271000384,39,205
17,4.337019430997316,37,205
17,4.345310241995321,36,206
17,4.353426108995336,35,206
17,4.361622643998999,33,207
17,4.3696700429936755,32,208
17,4.377909670998633,30,208
17,4.386309634995996,29,209
17,4.394509045996529,27,209
17,4.402662957996654,26,210
17,4.410829248998198,25,211
17,4.418942317999608,24,211
17,4.427363039998454,22,212
17,4.435482414999569,21,212
17,4.44362761299999,20,213
17,4.45184126499953,19,213
17,4.459935556995333,19,214
17,4.46837729899562,18,214
17,4.476468295993982,17,214
17,4.4846549309950205,16,215
17,4.50081706099445,15,216
17,4.517513570994197,14,216
17,4.525650013994891,13,217
17,4.550371020995954,12,217
17,4.558589972999471,12,218
17,4.566637022995565,11,218
17,4.582954598998185,10,218
17,4.615724783994665,9,218
17,4.62422795999737,9,219
17,4.632460394997906,8,219
17,4.656807380997634,7,219
17,4.6814916109942715,6,219
17,4.705918196996208,5,220
17,4.72246637599892,4,220
17,4.746911071000795,3,220
17,4.763395138994383,2,220
17,4.796294400999614,2,221
17,4.837242415997025,1,221
17,4.8789808669971535,1,222
17,4.9534950029992615,1,223
17,5.019400877994485,1,224
17,5.050558656999783,1,224
